<?xml version='1.0' encoding='UTF-8'?>
<?artifactRepository version='1.1.0'?>
<repository name='file:/Users/sameerpattni/AnypointStudio/workspace/samba-connector/target/update-site/ - artifacts' type='org.eclipse.equinox.p2.artifact.repository.simpleRepository' version='1'>
  <properties size='2'>
    <property name='p2.timestamp' value='1500474153816'/>
    <property name='p2.compressed' value='false'/>
  </properties>
  <mappings size='3'>
    <rule filter='(&amp; (classifier=osgi.bundle))' output='${repoUrl}/plugins/${id}_${version}.jar'/>
    <rule filter='(&amp; (classifier=binary))' output='${repoUrl}/binary/${id}_${version}'/>
    <rule filter='(&amp; (classifier=org.eclipse.update.feature))' output='${repoUrl}/features/${id}_${version}.jar'/>
  </mappings>
  <artifacts size='2'>
    <artifact classifier='osgi.bundle' id='org.mule.tooling.ui.contribution.smb.3.5.0' version='1.0.0.201707191522'>
      <properties size='3'>
        <property name='artifact.size' value='467360'/>
        <property name='download.size' value='467360'/>
        <property name='download.md5' value='9f72d0e6c3ae032deb6482bdd8f2a1e0'/>
      </properties>
    </artifact>
    <artifact classifier='org.eclipse.update.feature' id='org.mule.tooling.ui.extension.smb-connector.3.5.0' version='1.0.0.201707191522'>
      <properties size='4'>
        <property name='artifact.size' value='643'/>
        <property name='download.size' value='643'/>
        <property name='download.md5' value='1b8d973c439c96034ba06856ce4f5c21'/>
        <property name='download.contentType' value='application/zip'/>
      </properties>
    </artifact>
  </artifacts>
</repository>
